Title,Price,Stock,Star
In Her Wake,£12.84,In stock,1
How Music Works,£37.32,In stock,2
"Foolproof Preserving: A Guide to Small Batch Jams, Jellies, Pickles, Condiments, and More: A Foolproof Guide to Making Small Batch Jams, Jellies, Pickles, Condiments, and More",£30.52,In stock,3
Chase Me (Paris Nights #2),£25.27,In stock,5
Black Dust,£34.53,In stock,5
Birdsong: A Story in Pictures,£54.64,In stock,3
America's Cradle of Quarterbacks: Western Pennsylvania's Football Factory from Johnny Unitas to Joe Montana,£22.50,In stock,3
Aladdin and His Wonderful Lamp,£53.13,In stock,3
Worlds Elsewhere: Journeys Around Shakespeare’s Globe,£40.30,In stock,5
Wall and Piece,£44.18,In stock,4
The Four Agreements: A Practical Guide to Personal Freedom,£17.66,In stock,5
The Five Love Languages: How to Express Heartfelt Commitment to Your Mate,£31.05,In stock,3
The Elephant Tree,£23.82,In stock,5
The Bear and the Piano,£36.89,In stock,1
Sophie's World,£15.94,In stock,5
Penny Maybe,£33.29,In stock,3
Slow States of Collapse: Poems,£57.31,In stock,3
Reasons to Stay Alive,£26.41,In stock,2
Private Paris (Private #10),£47.61,In stock,5
#HigherSelfie: Wake Up Your Life. Free Your Soul. Find Your Tribe.,£23.11,In stock,5
Maude (1883-1993):She Grew Up with the country,£18.02,In stock,2
"In a Dark, Dark Wood",£19.63,In stock,1
Behind Closed Doors,£52.22,In stock,4
You can't bury them all: Poems,£33.63,In stock,2
Without Borders (Wanderlove #1),£45.07,In stock,2
When We Collided,£31.77,In stock,1
"We Love You, Charlie Freeman",£50.27,In stock,5
Untitled Collection: Sabbath Poems 2014,£14.27,In stock,4
"Unseen City: The Majesty of Pigeons, the Discreet Charm of Snails & Other Wonders of the Urban Wilderness",£44.18,In stock,4
Unicorn Tracks,£18.78,In stock,3
"Unbound: How Eight Technologies Made Us Human, Transformed Society, and Brought Our World to the Brink",£25.52,In stock,1
Tsubasa: WoRLD CHRoNiCLE 2 (Tsubasa WoRLD CHRoNiCLE #2),£16.28,In stock,1
Throwing Rocks at the Google Bus: How Growth Became the Enemy of Prosperity,£31.12,In stock,3
This One Summer,£19.49,In stock,4
Thirst,£17.27,In stock,5
The Torch Is Passed: A Harding Family Story,£19.09,In stock,1
The Secret of Dreadwillow Carse,£56.13,In stock,1
"The Pioneer Woman Cooks: Dinnertime: Comfort Classics, Freezer Food, 16-Minute Meals, and Other Delicious Ways to Solve Supper!",£56.41,In stock,1
The Past Never Ends,£56.50,In stock,4
The Natural History of Us (The Fine Art of Pretending #2),£45.22,In stock,3
A Light in the Attic,£51.77,In stock,3
Tipping the Velvet,£53.74,In stock,1
Soumission,£50.10,In stock,1
Sharp Objects,£47.82,In stock,4
Sapiens: A Brief History of Humankind,£54.23,In stock,5
The Requiem Red,£22.65,In stock,1
The Dirty Little Secrets of Getting Your Dream Job,£33.34,In stock,4
"The Coming Woman: A Novel Based on the Life of the Infamous Feminist, Victoria Woodhull",£17.93,In stock,3
The Boys in the Boat: Nine Americans and Their Epic Quest for Gold at the 1936 Berlin Olympics,£22.60,In stock,4
The Black Maria,£52.15,In stock,1
"Starving Hearts (Triangular Trade Trilogy, #1)",£13.99,In stock,2
Shakespeare's Sonnets,£20.66,In stock,4
Set Me Free,£17.46,In stock,5
Scott Pilgrim's Precious Little Life (Scott Pilgrim #1),£52.29,In stock,5
Rip it Up and Start Again,£35.02,In stock,5
"Our Band Could Be Your Life: Scenes from the American Indie Underground, 1981-1991",£57.25,In stock,3
Olio,£23.88,In stock,1
Mesaerion: The Best Science Fiction Stories 1800-1849,£37.59,In stock,1
Libertarianism for Beginners,£51.33,In stock,2
It's Only the Himalayas,£45.17,In stock,2
